Workbook

Sheet Data
B1: No | C1: Age | D1: Age Category | E1: Gender | F1: GenderCategory | G1: Body weight | H1: body height | I1: BMI | J1: Obesity category | K1: BMI category | L1: Hypertension | M1: DM type 2 | N1: Hand grip test | O1: HGT Category | P1: HGT Cat No | Q1: Gait speed | R1: gait speed category | S1: gait speed cat no | T1: BIA | U1: BIA Category | V1: BIA Cat no | W1: Sarcopenia cat | X1: Sarcopenia | Y1: HOMA IR | Z1: Tertil HOMA-IR
B2: 1 | C2: 32 | D2: 1 | E2: female | F2: =IF(E2="Male",1,2) -> 2 | G2: 72.5 | H2: 157 | I2: =SUM(G2/((H2/100)*(H2/100))) -> 29.412958 | J2: Grade 1 Obesity | K2: 2 | L2: No | M2: No | N2: 27.5 | O2: =IF(N2>18,"Normal","Abnormal") -> Normal | P2: 1 | Q2: 1.1 | R2: Normal | S2: 1 | T2: 5.6 | U2: Normal | V2: 1 | W2: Normal | X2: 1 | Y2: 1.3 | Z2: =IF(Data!Y2<2.1,"Tertil 1",IF(Data!Y2<=2.6,"Tertil 2","Tertil 3")) -> Tertil 1
B3: 2 | C3: 35 | D3: 1 | E3: Male | F3: =IF(E3="Male",1,2) -> 1 | G3: 135 | H3: 180 | I3: =SUM(G3/((H3/100)*(H3/100))) -> 41.666667 | J3: Grade 2 Obesity | K3: 3 | L3: No | M3: No | N3: 39.2 | O3: =IF(N3>28,"Normal","Abnormal") -> Normal | P3: 1 | Q3: 1 | R3: Normal | S3: 1 | T3: 7.2 | U3: Normal | V3: 1 | W3: Normal | X3: 1 | Y3: 5.3 | Z3: =IF(Data!Y3<2.1,"Tertil 1",IF(Data!Y3<=2.6,"Tertil 2","Tertil 3")) -> Tertil 3
B4: 3 | C4: 30 | D4: 1 | E4: Male | F4: =IF(E4="Male",1,2) -> 1 | G4: 123.8 | H4: 173 | I4: =SUM(G4/((H4/100)*(H4/100))) -> 41.364563 | J4: Grade 2 Obesity | K4: 3 | L4: No | M4: No | N4: 43 | O4: =IF(N4>28,"Normal","Abnormal") -> Normal | P4: 1 | Q4: 1 | R4: Normal | S4: 1 | T4: 7.3 | U4: Normal | V4: 1 | W4: Normal | X4: 1 | Y4: 3.6 | Z4: =IF(Data!Y4<2.1,"Tertil 1",IF(Data!Y4<=2.6,"Tertil 2","Tertil 3")) -> Tertil 3
B5: 4 | C5: 34 | D5: 1 | E5: female | F5: =IF(E5="Male",1,2) -> 2 | G5: 97.4 | H5: 165 | I5: =SUM(G5/((H5/100)*(H5/100))) -> 35.775941 | J5: Grade 2 Obesity | K5: 3 | L5: No | M5: No | N5: 27.4 | O5: =IF(N5>18,"Normal","Abnormal") -> Normal | P5: 1 | Q5: 1.1 | R5: Normal | S5: 1 | T5: 4 | U5: Abnormal | V5: 2 | W5: sarcpenia | X5: 2 | Y5: 1.2 | Z5: =IF(Data!Y5<2.1,"Tertil 1",IF(Data!Y5<=2.6,"Tertil 2","Tertil 3")) -> Tertil 1
B6: 5 | C6: 28 | D6: 1 | E6: female | F6: =IF(E6="Male",1,2) -> 2 | G6: 76.6 | H6: 150 | I6: =SUM(G6/((H6/100)*(H6/100))) -> 34.044444 | J6: Grade 2 Obesity | K6: 3 | L6: No | M6: No | N6: 23.9 | O6: =IF(N6>18,"Normal","Abnormal") -> Normal | P6: 1 | Q6: 1.2 | R6: Normal | S6: 1 | T6: 5.5 | U6: Abnormal | V6: 2 | W6: sarcpenia | X6: 2 | Y6: 2.1 | Z6: =IF(Data!Y6<2.1,"Tertil 1",IF(Data!Y6<=2.6,"Tertil 2","Tertil 3")) -> Tertil 2
B7: 6 | C7: 31 | D7: 1 | E7: female | F7: =IF(E7="Male",1,2) -> 2 | G7: 71.8 | H7: 148 | I7: =SUM(G7/((H7/100)*(H7/100))) -> 32.779401 | J7: Grade 2 Obesity | K7: 3 | L7: No | M7: No | N7: 24.7 | O7: =IF(N7>18,"Normal","Abnormal") -> Normal | P7: 1 | Q7: 1.3 | R7: Normal | S7: 1 | T7: 6 | U7: Normal | V7: 1 | W7: Normal | X7: 1 | Y7: 1.4 | Z7: =IF(Data!Y7<2.1,"Tertil 1",IF(Data!Y7<=2.6,"Tertil 2","Tertil 3")) -> Tertil 1
B8: 7 | C8: 37 | D8: 1 | E8: Male | F8: =IF(E8="Male",1,2) -> 1 | G8: 103.6 | H8: 172 | I8: =SUM(G8/((H8/100)*(H8/100))) -> 35.018929 | J8: Grade 2 Obesity | K8: 3 | L8: No | M8: No | N8: 46 | O8: =IF(N8>28,"Normal","Abnormal") -> Normal | P8: 1 | Q8: 1 | R8: Normal | S8: 1 | T8: 7.7 | U8: Normal | V8: 1 | W8: Normal | X8: 1 | Y8: 2.4 | Z8: =IF(Data!Y8<2.1,"Tertil 1",IF(Data!Y8<=2.6,"Tertil 2","Tertil 3")) -> Tertil 2
B9: 8 | C9: 34 | D9: 1 | E9: female | F9: =IF(E9="Male",1,2) -> 2 | G9: 133.2 | H9: 156 | I9: =SUM(G9/((H9/100)*(H9/100))) -> 54.733728 | J9: Grade 2 Obesity | K9: 3 | L9: No | M9: No | N9: 20.7 | O9: =IF(N9>18,"Normal","Abnormal") -> Normal | P9: 1 | Q9: 1 | R9: Normal | S9: 1 | T9: 3.2 | U9: Abnormal | V9: 2 | W9: sarcpenia | X9: 2 | Y9: 3.9 | Z9: =IF(Data!Y9<2.1,"Tertil 1",IF(Data!Y9<=2.6,"Tertil 2","Tertil 3")) -> Tertil 3
B10: 9 | C10: 30 | D10: 1 | E10: Male | F10: =IF(E10="Male",1,2) -> 1 | G10: 122.6 | H10: 167 | I10: =SUM(G10/((H10/100)*(H10/100))) -> 43.959984 | J10: Grade 2 Obesity | K10: 3 | L10: No | M10: No | N10: 57.5 | O10: =IF(N10>28,"Normal","Abnormal") -> Normal | P10: 1 | Q10: 1 | R10: Normal | S10: 1 | T10: 6.27 | U10: =IF(T10>7,"Normal","Abnormal") -> Abnormal | V10: 2 | W10: sarcpenia | X10: 2 | Y10: 1.4 | Z10: =IF(Data!Y10<2.1,"Tertil 1",IF(Data!Y10<=2.6,"Tertil 2","Tertil 3")) -> Tertil 1
B11: 10 | C11: 31 | D11: 1 | E11: female | F11: =IF(E11="Male",1,2) -> 2 | G11: 79.9 | H11: 150 | I11: =SUM(G11/((H11/100)*(H11/100))) -> 35.511111 | J11: Grade 2 Obesity | K11: 3 | L11: No | M11: No | N11: 24.9 | O11: =IF(N11>18,"Normal","Abnormal") -> Normal | P11: 1 | Q11: 1.2 | R11: Normal | S11: 1 | T11: 4.96 | U11: =IF(T11>5.7,"Normal","Abnormal") -> Abnormal | V11: 2 | W11: sarcpenia | X11: 2 | Y11: 1.9 | Z11: =IF(Data!Y11<2.1,"Tertil 1",IF(Data!Y11<=2.6,"Tertil 2","Tertil 3")) -> Tertil 1
B12: 11 | C12: 29 | D12: 1 | E12: female | F12: =IF(E12="Male",1,2) -> 2 | G12: 98.6 | H12: 164 | I12: =SUM(G12/((H12/100)*(H12/100))) -> 36.659726 | J12: Grade 2 Obesity | K12: 3 | L12: No | M12: No | N12: 22 | O12: =IF(N12>18,"Normal","Abnormal") -> Normal | P12: 1 | Q12: 1.1 | R12: =IF(Q12<1,"Abnormal","Normal") -> Normal | S12: 1 | T12: 3.7 | U12: =IF(T12>5.7,"Normal","Abnormal") -> Abnormal | V12: 2 | W12: sarcpenia | X12: 2 | Y12: 8.5 | Z12: =IF(Data!Y12<2.1,"Tertil 1",IF(Data!Y12<=2.6,"Tertil 2","Tertil 3")) -> Tertil 3
B13: 12 | C13: 31 | D13: 1 | E13: Male | F13: =IF(E13="Male",1,2) -> 1 | G13: 82.1 | H13: 163 | I13: =SUM(G13/((H13/100)*(H13/100))) -> 30.900674 | J13: Grade 2 Obesity | K13: 3 | L13: No | M13: No | N13: 42 | O13: =IF(N13>28,"Normal","Abnormal") -> Normal | P13: 1 | Q13: 1.3 | R13: =IF(Q13<1,"Abnormal","Normal") -> Normal | S13: 1 | T13: 8.31 | U13: =IF(T13>7,"Normal","Abnormal") -> Normal | V13: 1 | W13: Normal | X13: 1 | Y13: 20.6 | Z13: =IF(Data!Y13<2.1,"Tertil 1",IF(Data!Y13<=2.6,"Tertil 2","Tertil 3")) -> Tertil 3
B14: 13 | C14: 36 | D14: 1 | E14: female | F14: =IF(E14="Male",1,2) -> 2 | G14: 68.7 | H14: 153 | I14: =SUM(G14/((H14/100)*(H14/100))) -> 29.347687 | J14: Grade 1 Obesity | K14: 2 | L14: No | M14: No | N14: 28 | O14: =IF(N14>18,"Normal","Abnormal") -> Normal | P14: 1 | Q14: 1.1 | R14: =IF(Q14<1,"Abnormal","Normal") -> Normal | S14: 1 | T14: 6.41 | U14: =IF(T14>5.7,"Normal","Abnormal") -> Normal | V14: 1 | W14: Normal | X14: 1 | Y14: 1.4 | Z14: =IF(Data!Y14<2.1,"Tertil 1",IF(Data!Y14<=2.6,"Tertil 2","Tertil 3")) -> Tertil 1
B15: 14 | C15: 29 | D15: 1 | E15: Male | F15: =IF(E15="Male",1,2) -> 1 | G15: 78.6 | H15: 162 | I15: =SUM(G15/((H15/100)*(H15/100))) -> 29.949703 | J15: Grade 1 Obesity | K15: 2 | L15: No | M15: No | N15: 32.8 | O15: =IF(N15>28,"Normal","Abnormal") -> Normal | P15: 1 | Q15: 1.2 | R15: =IF(Q15<1,"Abnormal","Normal") -> Normal | S15: 1 | T15: 8.37 | U15: =IF(T15>7,"Normal","Abnormal") -> Normal | V15: 1 | W15: Normal | X15: 1 | Y15: 5.3 | Z15: =IF(Data!Y15<2.1,"Tertil 1",IF(Data!Y15<=2.6,"Tertil 2","Tertil 3")) -> Tertil 3
B16: 15 | C16: 28 | D16: 1 | E16: Male | F16: =IF(E16="Male",1,2) -> 1 | G16: 96.7 | H16: 168 | I16: =SUM(G16/((H16/100)*(H16/100))) -> 34.261621 | J16: Grade 2 Obesity | K16: 3 | L16: No | M16: No | N16: 37 | O16: =IF(N16>28,"Normal","Abnormal") -> Normal | P16: 1 | Q16: 1.2 | R16: =IF(Q16<1,"Abnormal","Normal") -> Normal | S16: 1 | T16: 4.5 | U16: =IF(T16>7,"Normal","Abnormal") -> Abnormal | V16: 2 | W16: sarcpenia | X16: 2 | Y16: 2.9 | Z16: =IF(Data!Y16<2.1,"Tertil 1",IF(Data!Y16<=2.6,"Tertil 2","Tertil 3")) -> Tertil 3
B17: 16 | C17: 27 | D17: 1 | E17: Male | F17: =IF(E17="Male",1,2) -> 1 | G17: 105.8 | H17: 174 | I17: =SUM(G17/((H17/100)*(H17/100))) -> 34.945171 | J17: Grade 2 Obesity | K17: 3 | L17: No | M17: No | N17: 40.2 | O17: =IF(N17>28,"Normal","Abnormal") -> Normal | P17: 1 | Q17: 1.1 | R17: =IF(Q17<1,"Abnormal","Normal") -> Normal | S17: 1 | T17: 7.84 | U17: =IF(T17>7,"Normal","Abnormal") -> Normal | V17: 1 | W17: Normal | X17: 1 | Y17: 2.8 | Z17: =IF(Data!Y17<2.1,"Tertil 1",IF(Data!Y17<=2.6,"Tertil 2","Tertil 3")) -> Tertil 3
B18: 17 | C18: 31 | D18: 1 | E18: Male | F18: =IF(E18="Male",1,2) -> 1 | G18: 105 | H18: 175 | I18: =SUM(G18/((H18/100)*(H18/100))) -> 34.285714 | J18: Grade 2 Obesity | K18: 3 | L18: No | M18: No | N18: 42 | O18: =IF(N18>28,"Normal","Abnormal") -> Normal | P18: 1 | Q18: 1 | R18: =IF(Q18<1,"Abnormal","Normal") -> Normal | S18: 1 | T18: 7.05 | U18: =IF(T18>7,"Normal","Abnormal") -> Normal | V18: 1 | W18: Normal | X18: 1 | Y18: 1.5 | Z18: =IF(Data!Y18<2.1,"Tertil 1",IF(Data!Y18<=2.6,"Tertil 2","Tertil 3")) -> Tertil 1
B19: 18 | C19: 34 | D19: 1 | E19: female | F19: =IF(E19="Male",1,2) -> 2 | G19: 71.6 | H19: 150 | I19: =SUM(G19/((H19/100)*(H19/100))) -> 31.822222 | J19: Grade 2 Obesity | K19: 3 | L19: No | M19: No | N19: 28 | O19: =IF(N19>18,"Normal","Abnormal") -> Normal | P19: 1 | Q19: 1 | R19: =IF(Q19<1,"Abnormal","Normal") -> Normal | S19: 1 | T19: 7.73 | U19: =IF(T19>5.7,"Normal","Abnormal") -> Normal | V19: 1 | W19: Normal | X19: 1 | Y19: 1.9 | Z19: =IF(Data!Y19<2.1,"Tertil 1",IF(Data!Y19<=2.6,"Tertil 2","Tertil 3")) -> Tertil 1
B20: 19 | C20: 37 | D20: 1 | E20: female | F20: =IF(E20="Male",1,2) -> 2 | G20: 80.5 | H20: 165 | I20: =SUM(G20/((H20/100)*(H20/100))) -> 29.568411 | J20: Grade 1 Obesity | K20: 2 | L20: No | M20: No | N20: 27.9 | O20: =IF(N20>18,"Normal","Abnormal") -> Normal | P20: 1 | Q20: 1.1 | R20: =IF(Q20<1,"Abnormal","Normal") -> Normal | S20: 1 | T20: 5.44 | U20: =IF(T20>5.7,"Normal","Abnormal") -> Abnormal | V20: 2 | W20: sarcpenia | X20: 2 | Y20: 2.1 | Z20: =IF(Data!Y20<2.1,"Tertil 1",IF(Data!Y20<=2.6,"Tertil 2","Tertil 3")) -> Tertil 2
B21: 20 | C21: 41 | D21: 2 | E21: female | F21: =IF(E21="Male",1,2) -> 2 | G21: 72.4 | H21: 152 | I21: =SUM(G21/((H21/100)*(H21/100))) -> 31.336565 | J21: Grade 2 Obesity | K21: 3 | L21: No | M21: yes | N21: 21 | O21: =IF(N21>18,"Normal","Abnormal") -> Normal | P21: 1 | Q21: 1 | R21: =IF(Q21<1,"Abnormal","Normal") -> Normal | S21: 1 | T21: 11.98 | U21: =IF(T21>5.7,"Normal","Abnormal") -> Normal | V21: 1 | W21: Normal | X21: 1 | Y21: 4.1 | Z21: =IF(Data!Y21<2.1,"Tertil 1",IF(Data!Y21<=2.6,"Tertil 2","Tertil 3")) -> Tertil 3
B22: 21 | C22: 35 | D22: 1 | E22: female | F22: =IF(E22="Male",1,2) -> 2 | G22: 72 | H22: 150 | I22: =SUM(G22/((H22/100)*(H22/100))) -> 32 | J22: Grade 2 Obesity | K22: 3 | L22: No | M22: No | N22: 20 | O22: =IF(N22>18,"Normal","Abnormal") -> Normal | P22: 1 | Q22: 1.1 | R22: =IF(Q22<1,"Abnormal","Normal") -> Normal | S22: 1 | T22: 4.75 | U22: =IF(T22>5.7,"Normal","Abnormal") -> Abnormal | V22: 2 | W22: sarcpenia | X22: 2 | Y22: 2.5 | Z22: =IF(Data!Y22<2.1,"Tertil 1",IF(Data!Y22<=2.6,"Tertil 2","Tertil 3")) -> Tertil 2
B23: 22 | C23: 31 | D23: 1 | E23: female | F23: =IF(E23="Male",1,2) -> 2 | G23: 70 | H23: 157 | I23: =SUM(G23/((H23/100)*(H23/100))) -> 28.398718 | J23: Grade 1 Obesity | K23: 2 | L23: No | M23: No | N23: 23 | O23: =IF(N23>18,"Normal","Abnormal") -> Normal | P23: 1 | Q23: 1.2 | R23: =IF(Q23<1,"Abnormal","Normal") -> Normal | S23: 1 | T23: 5.2 | U23: =IF(T23>5.7,"Normal","Abnormal") -> Abnormal | V23: 2 | W23: sarcpenia | X23: 2 | Y23: 1.9 | Z23: =IF(Data!Y23<2.1,"Tertil 1",IF(Data!Y23<=2.6,"Tertil 2","Tertil 3")) -> Tertil 1
B24: 23 | C24: 50 | D24: 3 | E24: female | F24: =IF(E24="Male",1,2) -> 2 | G24: 75 | H24: 155 | I24: =SUM(G24/((H24/100)*(H24/100))) -> 31.217482 | J24: Grade 1 Obesity | K24: 2 | L24: No | M24: No | N24: 17.3 | O24: =IF(N24>18,"Normal","Abnormal") -> Abnormal | P24: 2 | Q24: 1 | R24: =IF(Q24<1,"Abnormal","Normal") -> Normal | S24: 1 | T24: 5.26 | U24: =IF(T24>5.7,"Normal","Abnormal") -> Abnormal | V24: 2 | W24: Sarcopenia | X24: 3 | Y24: 1.6 | Z24: =IF(Data!Y24<2.1,"Tertil 1",IF(Data!Y24<=2.6,"Tertil 2","Tertil 3")) -> Tertil 1
B25: 24 | C25: 62 | D25: 4 | E25: female | F25: =IF(E25="Male",1,2) -> 2 | G25: 65 | H25: 155 | I25: =SUM(G25/((H25/100)*(H25/100))) -> 27.055151 | J25: Grade 1 Obesity | K25: 2 | L25: yes | M25: No | N25: 17.3 | O25: =IF(N25>18,"Normal","Abnormal") -> Abnormal | P25: 2 | Q25: 0.9 | R25: =IF(Q25<1,"Abnormal","Normal") -> Abnormal | S25: 2 | T25: 4.64 | U25: =IF(T25>5.7,"Normal","Abnormal") -> Abnormal | V25: 2 | W25: severe sarcopenia | X25: 4 | Y25: 2.1 | Z25: =IF(Data!Y25<2.1,"Tertil 1",IF(Data!Y25<=2.6,"Tertil 2","Tertil 3")) -> Tertil 2
B26: 25 | C26: 40 | D26: 2 | E26: female | F26: =IF(E26="Male",1,2) -> 2 | G26: 83.2 | H26: 150 | I26: =SUM(G26/((H26/100)*(H26/100))) -> 36.977778 | J26: Grade 2 Obesity | K26: 3 | L26: No | M26: No | N26: 16 | O26: =IF(N26>18,"Normal","Abnormal") -> Abnormal | P26: 2 | Q26: 0.8 | R26: =IF(Q26<1,"Abnormal","Normal") -> Abnormal | S26: 2 | T26: 4.7 | U26: =IF(T26>5.7,"Normal","Abnormal") -> Abnormal | V26: 2 | W26: severe sarcopenia | X26: 4 | Y26: 2.6 | Z26: =IF(Data!Y26<2.1,"Tertil 1",IF(Data!Y26<=2.6,"Tertil 2","Tertil 3")) -> Tertil 2
B27: 26 | C27: 41 | D27: 2 | E27: Male | F27: =IF(E27="Male",1,2) -> 1 | G27: 74.7 | H27: 160 | I27: =SUM(G27/((H27/100)*(H27/100))) -> 29.179688 | J27: Grade 1 Obesity | K27: 2 | L27: No | M27: No | N27: 50.9 | O27: =IF(N27>28,"Normal","Abnormal") -> Normal | P27: 1 | Q27: 1.2 | R27: =IF(Q27<1,"Abnormal","Normal") -> Normal | S27: 1 | T27: 9.26 | U27: =IF(T27>7,"Normal","Abnormal") -> Normal | V27: 1 | W27: Normal | X27: 1 | Y27: 1.1 | Z27: =IF(Data!Y27<2.1,"Tertil 1",IF(Data!Y27<=2.6,"Tertil 2","Tertil 3")) -> Tertil 1
B28: 27 | C28: 69 | D28: 4 | E28: Male | F28: =IF(E28="Male",1,2) -> 1 | G28: 70 | H28: 166 | I28: =SUM(G28/((H28/100)*(H28/100))) -> 25.402816 | J28: Grade 1 Obesity | K28: 2 | L28: yes | M28: yes | N28: 29 | O28: =IF(N28>28,"Normal","Abnormal") -> Normal | P28: 1 | Q28: 1 | R28: =IF(Q28<1,"Abnormal","Normal") -> Normal | S28: 1 | T28: 8.5 | U28: =IF(T28>7,"Normal","Abnormal") -> Normal | V28: 1 | W28: Normal | X28: 1 | Y28: 1.5 | Z28: =IF(Data!Y28<2.1,"Tertil 1",IF(Data!Y28<=2.6,"Tertil 2","Tertil 3")) -> Tertil 1
B29: 28 | C29: 62 | D29: 4 | E29: female | F29: =IF(E29="Male",1,2) -> 2 | G29: 70 | H29: 155 | I29: =SUM(G29/((H29/100)*(H29/100))) -> 29.136316 | J29: Grade 1 Obesity | K29: 2 | L29: yes | M29: yes | N29: 20 | O29: =IF(N29>18,"Normal","Abnormal") -> Normal | P29: 1 | Q29: 1 | R29: =IF(Q29<1,"Abnormal","Normal") -> Normal | S29: 1 | T29: 5.5 | U29: =IF(T29>5.7,"Normal","Abnormal") -> Abnormal | V29: 2 | W29: sarcpenia | X29: 2 | Y29: 2 | Z29: =IF(Data!Y29<2.1,"Tertil 1",IF(Data!Y29<=2.6,"Tertil 2","Tertil 3")) -> Tertil 1
B30: 29 | C30: 63 | D30: 4 | E30: female | F30: =IF(E30="Male",1,2) -> 2 | G30: 70 | H30: 150 | I30: =SUM(G30/((H30/100)*(H30/100))) -> 31.111111 | J30: Grade 2 Obesity | K30: 3 | L30: No | M30: yes | N30: 20.7 | O30: =IF(N30>18,"Normal","Abnormal") -> Normal | P30: 1 | Q30: 1 | R30: =IF(Q30<1,"Abnormal","Normal") -> Normal | S30: 1 | T30: 4 | U30: =IF(T30>5.7,"Normal","Abnormal") -> Abnormal | V30: 2 | W30: sarcpenia | X30: 2 | Y30: 2.45 | Z30: =IF(Data!Y30<2.1,"Tertil 1",IF(Data!Y30<=2.6,"Tertil 2","Tertil 3")) -> Tertil 2
B31: 30 | C31: 63 | D31: 4 | E31: Male | F31: =IF(E31="Male",1,2) -> 1 | G31: 76 | H31: 160 | I31: =SUM(G31/((H31/100)*(H31/100))) -> 29.6875 | J31: Grade 1 Obesity | K31: 2 | L31: yes | M31: yes | N31: 19 | O31: =IF(N31>28,"Normal","Abnormal") -> Abnormal | P31: 2 | Q31: 0.8 | R31: =IF(Q31<1,"Abnormal","Normal") -> Abnormal | S31: 2 | T31: 5.5 | U31: =IF(T31>7,"Normal","Abnormal") -> Abnormal | V31: 2 | W31: severe sarcopenia | X31: 4 | Y31: 3 | Z31: =IF(Data!Y31<2.1,"Tertil 1",IF(Data!Y31<=2.6,"Tertil 2","Tertil 3")) -> Tertil 3
B32: 31 | C32: 64 | D32: 4 | E32: female | F32: =IF(E32="Male",1,2) -> 2 | G32: 56 | H32: 154 | I32: =SUM(G32/((H32/100)*(H32/100))) -> 23.612751 | J32: Overweight | K32: 1 | L32: No | M32: yes | N32: 27 | O32: =IF(N32>18,"Normal","Abnormal") -> Normal | P32: 1 | Q32: 1 | R32: =IF(Q32<1,"Abnormal","Normal") -> Normal | S32: 1 | T32: 3 | U32: =IF(T32>5.7,"Normal","Abnormal") -> Abnormal | V32: 2 | W32: sarcpenia | X32: 2 | Y32: 2.2 | Z32: =IF(Data!Y32<2.1,"Tertil 1",IF(Data!Y32<=2.6,"Tertil 2","Tertil 3")) -> Tertil 2
B33: 32 | C33: 67 | D33: 4 | E33: Male | F33: =IF(E33="Male",1,2) -> 1 | G33: 83 | H33: 168 | I33: =SUM(G33/((H33/100)*(H33/100))) -> 29.407596 | J33: Grade 1 Obesity | K33: 2 | L33: No | M33: yes | N33: 30 | O33: =IF(N33>28,"Normal","Abnormal") -> Normal | P33: 1 | Q33: 1 | R33: =IF(Q33<1,"Abnormal","Normal") -> Normal | S33: 1 | T33: 6.2 | U33: =IF(T33>7,"Normal","Abnormal") -> Abnormal | V33: 2 | W33: sarcpenia | X33: 2 | Y33: 2.1 | Z33: =IF(Data!Y33<2.1,"Tertil 1",IF(Data!Y33<=2.6,"Tertil 2","Tertil 3")) -> Tertil 2
B34: 33 | C34: 67 | D34: 4 | E34: female | F34: =IF(E34="Male",1,2) -> 2 | G34: 64 | H34: 145 | I34: =SUM(G34/((H34/100)*(H34/100))) -> 30.439952 | J34: Grade 2 Obesity | K34: 3 | L34: No | M34: No | N34: 22 | O34: =IF(N34>18,"Normal","Abnormal") -> Normal | P34: 1 | Q34: 1 | R34: =IF(Q34<1,"Abnormal","Normal") -> Normal | S34: 1 | T34: 5.8 | U34: =IF(T34>5.7,"Normal","Abnormal") -> Normal | V34: 1 | W34: Normal | X34: 1 | Y34: 1.7 | Z34: =IF(Data!Y34<2.1,"Tertil 1",IF(Data!Y34<=2.6,"Tertil 2","Tertil 3")) -> Tertil 1
B35: 34 | C35: 64 | D35: 4 | E35: female | F35: =IF(E35="Male",1,2) -> 2 | G35: 55 | H35: 145 | I35: =SUM(G35/((H35/100)*(H35/100))) -> 26.159334 | J35: Grade 1 Obesity | K35: 2 | L35: No | M35: yes | N35: 11.8 | O35: =IF(N35>18,"Normal","Abnormal") -> Abnormal | P35: 2 | Q35: 1 | R35: =IF(Q35<1,"Abnormal","Normal") -> Normal | S35: 1 | T35: 5.1 | U35: =IF(T35>5.7,"Normal","Abnormal") -> Abnormal | V35: 2 | W35: Sarcopenia | X35: 3 | Y35: 2.5 | Z35: =IF(Data!Y35<2.1,"Tertil 1",IF(Data!Y35<=2.6,"Tertil 2","Tertil 3")) -> Tertil 2
B36: 35 | C36: 67 | D36: 4 | E36: Male | F36: =IF(E36="Male",1,2) -> 1 | G36: 60 | H36: 153 | I36: =SUM(G36/((H36/100)*(H36/100))) -> 25.631167 | J36: Grade 1 Obesity | K36: 2 | L36: No | M36: yes | N36: 18 | O36: =IF(N36>28,"Normal","Abnormal") -> Abnormal | P36: 2 | Q36: 1.2 | R36: =IF(Q36<1,"Abnormal","Normal") -> Normal | S36: 1 | T36: 7.1 | U36: =IF(T36>7,"Normal","Abnormal") -> Normal | V36: 1 | W36: sarcpenia | X36: 2 | Y36: 2 | Z36: =IF(Data!Y36<2.1,"Tertil 1",IF(Data!Y36<=2.6,"Tertil 2","Tertil 3")) -> Tertil 1
B37: 36 | C37: 70 | D37: 4 | E37: Male | F37: =IF(E37="Male",1,2) -> 1 | G37: 73 | H37: 168 | I37: =SUM(G37/((H37/100)*(H37/100))) -> 25.864512 | J37: Grade 1 Obesity | K37: 2 | L37: No | M37: yes | N37: 22 | O37: =IF(N37>28,"Normal","Abnormal") -> Abnormal | P37: 2 | Q37: 1 | R37: =IF(Q37<1,"Abnormal","Normal") -> Normal | S37: 1 | T37: 6.3 | U37: =IF(T37>7,"Normal","Abnormal") -> Abnormal | V37: 2 | W37: Sarcopenia | X37: 3 | Y37: 2.1 | Z37: =IF(Data!Y37<2.1,"Tertil 1",IF(Data!Y37<=2.6,"Tertil 2","Tertil 3")) -> Tertil 2
B38: 37 | C38: 68 | D38: 4 | E38: Male | F38: =IF(E38="Male",1,2) -> 1 | G38: 79 | H38: 162 | I38: =SUM(G38/((H38/100)*(H38/100))) -> 30.102119 | J38: Grade 2 Obesity | K38: 3 | L38: No | M38: yes | N38: 28 | O38: =IF(N38>28,"Normal","Abnormal") -> Abnormal | P38: 2 | Q38: 0.9 | R38: =IF(Q38<1,"Abnormal","Normal") -> Abnormal | S38: 2 | T38: 7.3 | U38: =IF(T38>7,"Normal","Abnormal") -> Normal | V38: 1 | W38: Sarcopenia | X38: 3 | Y38: 1.8 | Z38: =IF(Data!Y38<2.1,"Tertil 1",IF(Data!Y38<=2.6,"Tertil 2","Tertil 3")) -> Tertil 1
B39: 38 | C39: 73 | D39: 4 | E39: female | F39: =IF(E39="Male",1,2) -> 2 | G39: 55 | H39: 150 | I39: =SUM(G39/((H39/100)*(H39/100))) -> 24.444444 | J39: Overweight | K39: 1 | L39: No | M39: No | N39: 14.8 | O39: =IF(N39>18,"Normal","Abnormal") -> Abnormal | P39: 2 | Q39: 0.7 | R39: =IF(Q39<1,"Abnormal","Normal") -> Abnormal | S39: 2 | T39: 5.8 | U39: =IF(T39>5.7,"Normal","Abnormal") -> Normal | V39: 1 | W39: Sarcopenia | X39: 3 | Y39: 2 | Z39: =IF(Data!Y39<2.1,"Tertil 1",IF(Data!Y39<=2.6,"Tertil 2","Tertil 3")) -> Tertil 1
B40: 39 | C40: 67 | D40: 4 | E40: female | F40: =IF(E40="Male",1,2) -> 2 | G40: 62 | H40: 150 | I40: =SUM(G40/((H40/100)*(H40/100))) -> 27.555556 | J40: Grade 1 Obesity | K40: 2 | L40: No | M40: No | N40: 32 | O40: =IF(N40>18,"Normal","Abnormal") -> Normal | P40: 1 | Q40: 1 | R40: =IF(Q40<1,"Abnormal","Normal") -> Normal | S40: 1 | T40: 6 | U40: =IF(T40>5.7,"Normal","Abnormal") -> Normal | V40: 1 | W40: Normal | X40: 1 | Y40: 1.3 | Z40: =IF(Data!Y40<2.1,"Tertil 1",IF(Data!Y40<=2.6,"Tertil 2","Tertil 3")) -> Tertil 1
B41: 40 | C41: 63 | D41: 4 | E41: female | F41: =IF(E41="Male",1,2) -> 2 | G41: 55 | H41: 142 | I41: =SUM(G41/((H41/100)*(H41/100))) -> 27.276334 | J41: Grade 1 Obesity | K41: 2 | L41: No | M41: No | N41: 16 | O41: =IF(N41>18,"Normal","Abnormal") -> Abnormal | P41: 2 | Q41: 0.8 | R41: =IF(Q41<1,"Abnormal","Normal") -> Abnormal | S41: 2 | T41: 5 | U41: =IF(T41>5.7,"Normal","Abnormal") -> Abnormal | V41: 2 | W41: severe sarcopenia | X41: 4 | Y41: 2.3 | Z41: =IF(Data!Y41<2.1,"Tertil 1",IF(Data!Y41<=2.6,"Tertil 2","Tertil 3")) -> Tertil 2
B42: 41 | C42: 67 | D42: 4 | E42: Male | F42: =IF(E42="Male",1,2) -> 1 | G42: 58 | H42: 158 | I42: =SUM(G42/((H42/100)*(H42/100))) -> 23.233456 | J42: Overweight | K42: 1 | L42: No | M42: No | N42: 19.8 | O42: =IF(N42>28,"Normal","Abnormal") -> Abnormal | P42: 2 | Q42: 0.9 | R42: =IF(Q42<1,"Abnormal","Normal") -> Abnormal | S42: 2 | T42: 6.8 | U42: =IF(T42>7,"Normal","Abnormal") -> Abnormal | V42: 2 | W42: severe sarcopenia | X42: 4 | Y42: 2.1 | Z42: =IF(Data!Y42<2.1,"Tertil 1",IF(Data!Y42<=2.6,"Tertil 2","Tertil 3")) -> Tertil 2
B43: 42 | C43: 35 | D43: 1 | E43: female | F43: =IF(E43="Male",1,2) -> 2 | G43: 72 | H43: 1.54 | I43: =G43/(H43^2) -> 30.359251 | J43: Grade 2 Obesity | K43: 3 | L43: No | M43: No | N43: 16 | O43: =IF(N43>18,"Normal","Abnormal") -> Abnormal | P43: 2 | Q43: 1 | R43: =IF(Q43<1,"Abnormal","Normal") -> Normal | S43: 1 | T43: 5 | U43: =IF(T43>5.7,"Normal","Abnormal") -> Abnormal | V43: 2 | W43: Sarcopenia | X43: 3 | Y43: 2.48 | Z43: =IF(Data!Y43<2.1,"Tertil 1",IF(Data!Y43<=2.6,"Tertil 2","Tertil 3")) -> Tertil 2
B44: 43 | C44: 41 | D44: 2 | E44: Male | F44: =IF(E44="Male",1,2) -> 1 | G44: 81 | H44: 1.61 | I44: =G44/(H44^2) -> 31.248794 | J44: Grade 2 Obesity | K44: 3 | L44: No | M44: No | N44: 33.21 | O44: =IF(N44>28,"Normal","Abnormal") -> Normal | P44: 1 | Q44: 0.9 | R44: =IF(Q44<1,"Abnormal","Normal") -> Abnormal | S44: 2 | T44: 8.68 | U44: =IF(T44>7,"Normal","Abnormal") -> Normal | V44: 1 | W44: sarcpenia | X44: 2 | Y44: 2.49 | Z44: =IF(Data!Y44<2.1,"Tertil 1",IF(Data!Y44<=2.6,"Tertil 2","Tertil 3")) -> Tertil 2
B45: 44 | C45: 39 | D45: 1 | E45: female | F45: =IF(E45="Male",1,2) -> 2 | G45: 72 | H45: 1.6 | I45: =G45/(H45^2) -> 28.125 | J45: Grade 1 Obesity | K45: 2 | L45: No | M45: No | N45: 21.1 | O45: =IF(N45>18,"Normal","Abnormal") -> Normal | P45: 1 | Q45: 1 | R45: =IF(Q45<1,"Abnormal","Normal") -> Normal | S45: 1 | T45: 6.63 | U45: =IF(T45>5.7,"Normal","Abnormal") -> Normal | V45: 1 | W45: Normal | X45: 1 | Y45: 1.92 | Z45: =IF(Data!Y45<2.1,"Tertil 1",IF(Data!Y45<=2.6,"Tertil 2","Tertil 3")) -> Tertil 1
B46: 45 | C46: 45 | D46: 2 | E46: Male | F46: =IF(E46="Male",1,2) -> 1 | G46: 80 | H46: 1.75 | I46: =G46/(H46^2) -> 26.122449 | J46: Grade 1 Obesity | K46: 2 | L46: No | M46: No | N46: 31 | O46: =IF(N46>28,"Normal","Abnormal") -> Normal | P46: 1 | Q46: 1.1 | R46: =IF(Q46<1,"Abnormal","Normal") -> Normal | S46: 1 | T46: 7.99 | U46: =IF(T46>7,"Normal","Abnormal") -> Normal | V46: 1 | W46: Normal | X46: 1 | Y46: 1.9 | Z46: =IF(Data!Y46<2.1,"Tertil 1",IF(Data!Y46<=2.6,"Tertil 2","Tertil 3")) -> Tertil 1
B47: 46 | C47: 62 | D47: 4 | E47: Male | F47: =IF(E47="Male",1,2) -> 1 | G47: 72 | H47: 1.62 | I47: =G47/(H47^2) -> 27.434842 | J47: Grade 1 Obesity | K47: 2 | L47: No | M47: No | N47: 26.5 | O47: =IF(N47>28,"Normal","Abnormal") -> Abnormal | P47: 2 | Q47: 0.8 | R47: =IF(Q47<1,"Abnormal","Normal") -> Abnormal | S47: 2 | T47: 6.09 | U47: =IF(T47>7,"Normal","Abnormal") -> Abnormal | V47: 2 | W47: severe sarcopenia | X47: 4 | Y47: 3 | Z47: =IF(Data!Y47<2.1,"Tertil 1",IF(Data!Y47<=2.6,"Tertil 2","Tertil 3")) -> Tertil 3
B48: 47 | C48: 65 | D48: 4 | E48: female | F48: =IF(E48="Male",1,2) -> 2 | G48: 60 | H48: 1.57 | I48: =G48/(H48^2) -> 24.341758 | J48: Overweight | K48: 1 | L48: No | M48: No | N48: 14.6 | O48: =IF(N48>18,"Normal","Abnormal") -> Abnormal | P48: 2 | Q48: 0.7 | R48: =IF(Q48<1,"Abnormal","Normal") -> Abnormal | S48: 2 | T48: 4.5 | U48: =IF(T48>5.7,"Normal","Abnormal") -> Abnormal | V48: 2 | W48: severe sarcopenia | X48: 4 | Y48: 2.3 | Z48: =IF(Data!Y48<2.1,"Tertil 1",IF(Data!Y48<=2.6,"Tertil 2","Tertil 3")) -> Tertil 2
B49: 48 | C49: 61 | D49: 4 | E49: female | F49: =IF(E49="Male",1,2) -> 2 | G49: 55 | H49: 1.5 | I49: =G49/(H49^2) -> 24.444444 | J49: Overweight | K49: 1 | L49: yes | M49: No | N49: 14.7 | O49: =IF(N49>18,"Normal","Abnormal") -> Abnormal | P49: 2 | Q49: 0.9 | R49: =IF(Q49<1,"Abnormal","Normal") -> Abnormal | S49: 2 | T49: 4.62 | U49: =IF(T49>5.7,"Normal","Abnormal") -> Abnormal | V49: 2 | W49: severe sarcopenia | X49: 4 | Y49: 2.4 | Z49: =IF(Data!Y49<2.1,"Tertil 1",IF(Data!Y49<=2.6,"Tertil 2","Tertil 3")) -> Tertil 2
B50: 49 | C50: 65 | D50: 4 | E50: Male | F50: =IF(E50="Male",1,2) -> 1 | G50: 63 | H50: 1.64 | I50: =G50/(H50^2) -> 23.423557 | J50: Overweight | K50: 1 | L50: No | M50: No | N50: 25.2 | O50: =IF(N50>28,"Normal","Abnormal") -> Abnormal | P50: 2 | Q50: 0.8 | R50: =IF(Q50<1,"Abnormal","Normal") -> Abnormal | S50: 2 | T50: 6.69 | U50: =IF(T50>7,"Normal","Abnormal") -> Abnormal | V50: 2 | W50: severe sarcopenia | X50: 4 | Y50: 2.17 | Z50: =IF(Data!Y50<2.1,"Tertil 1",IF(Data!Y50<=2.6,"Tertil 2","Tertil 3")) -> Tertil 2
B51: 50 | C51: 60 | D51: 4 | E51: Male | F51: =IF(E51="Male",1,2) -> 1 | G51: 78 | H51: 1.6 | I51: =G51/(H51^2) -> 30.46875 | J51: Grade 2 Obesity | K51: 3 | L51: No | M51: No | N51: 22.8 | O51: =IF(N51>28,"Normal","Abnormal") -> Abnormal | P51: 2 | Q51: 0.8 | R51: =IF(Q51<1,"Abnormal","Normal") -> Abnormal | S51: 2 | T51: 8.07 | U51: =IF(T51>7,"Normal","Abnormal") -> Normal | V51: 1 | W51: Sarcopenia | X51: 3 | Y51: 2.45 | Z51: =IF(Data!Y51<2.1,"Tertil 1",IF(Data!Y51<=2.6,"Tertil 2","Tertil 3")) -> Tertil 2
B52: 51 | C52: 68 | D52: 4 | E52: female | F52: =IF(E52="Male",1,2) -> 2 | G52: 65 | H52: 1.55 | I52: =G52/(H52^2) -> 27.055151 | J52: Grade 1 Obesity | K52: 2 | L52: No | M52: No | N52: 9.5 | O52: =IF(N52>18,"Normal","Abnormal") -> Abnormal | P52: 2 | Q52: 0.7 | R52: =IF(Q52<1,"Abnormal","Normal") -> Abnormal | S52: 2 | T52: 6.14 | U52: =IF(T52>5.7,"Normal","Abnormal") -> Normal | V52: 1 | W52: Sarcopenia | X52: 3 | Y52: 2.86 | Z52: =IF(Data!Y52<2.1,"Tertil 1",IF(Data!Y52<=2.6,"Tertil 2","Tertil 3")) -> Tertil 3
B53: 52 | C53: 75 | D53: 4 | E53: female | F53: =IF(E53="Male",1,2) -> 2 | G53: 58.1 | H53: 1.46 | I53: =G53/(H53^2) -> 27.256521 | J53: Grade 2 Obesity | K53: 3 | L53: No | M53: No | N53: 16 | O53: =IF(N53>18,"Normal","Abnormal") -> Abnormal | P53: 2 | Q53: 0.5 | R53: =IF(Q53<1,"Abnormal","Normal") -> Abnormal | S53: 2 | T53: 6.18 | U53: =IF(T53>5.7,"Normal","Abnormal") -> Normal | V53: 1 | W53: Sarcopenia | X53: 3 | Y53: 3.09 | Z53: =IF(Data!Y53<2.1,"Tertil 1",IF(Data!Y53<=2.6,"Tertil 2","Tertil 3")) -> Tertil 3
B54: 53 | C54: 62 | D54: 4 | E54: Male | F54: =IF(E54="Male",1,2) -> 1 | G54: 50 | H54: 1.45 | I54: =G54/(H54^2) -> 23.781213 | J54: Overweight | K54: 1 | L54: No | M54: No | N54: 23.5 | O54: =IF(N54>28,"Normal","Abnormal") -> Abnormal | P54: 2 | Q54: 0.8 | R54: =IF(Q54<1,"Abnormal","Normal") -> Abnormal | S54: 2 | T54: 5.4411415 | U54: =IF(T54>7,"Normal","Abnormal") -> Abnormal | V54: 2 | W54: severe sarcopenia | X54: 4 | Y54: 2.3 | Z54: =IF(Data!Y54<2.1,"Tertil 1",IF(Data!Y54<=2.6,"Tertil 2","Tertil 3")) -> Tertil 2
B55: 54 | C55: 65 | D55: 4 | E55: Male | F55: =IF(E55="Male",1,2) -> 1 | G55: 64 | H55: 1.65 | I55: =G55/(H55^2) -> 23.507805 | J55: Overweight | K55: 1 | L55: No | M55: No | N55: 22.6 | O55: =IF(N55>28,"Normal","Abnormal") -> Abnormal | P55: 2 | Q55: 0.6 | R55: =IF(Q55<1,"Abnormal","Normal") -> Abnormal | S55: 2 | T55: 6.159045 | U55: =IF(T55>7,"Normal","Abnormal") -> Abnormal | V55: 2 | W55: severe sarcopenia | X55: 4 | Y55: 4 | Z55: =IF(Data!Y55<2.1,"Tertil 1",IF(Data!Y55<=2.6,"Tertil 2","Tertil 3")) -> Tertil 3
B56: 55 | C56: 70 | D56: 4 | E56: Male | F56: =IF(E56="Male",1,2) -> 1 | G56: 67 | H56: 1.7 | I56: =G56/(H56^2) -> 23.183391 | J56: Overweight | K56: 1 | L56: No | M56: No | N56: 22.4 | O56: =IF(N56>28,"Normal","Abnormal") -> Abnormal | P56: 2 | Q56: 0.7 | R56: =IF(Q56<1,"Abnormal","Normal") -> Abnormal | S56: 2 | T56: 5.1058824 | U56: =IF(T56>7,"Normal","Abnormal") -> Abnormal | V56: 2 | W56: severe sarcopenia | X56: 4 | Y56: 2.7 | Z56: =IF(Data!Y56<2.1,"Tertil 1",IF(Data!Y56<=2.6,"Tertil 2","Tertil 3")) -> Tertil 3
B57: 56 | C57: 63 | D57: 4 | E57: female | F57: =IF(E57="Male",1,2) -> 2 | G57: 60 | H57: 1.6 | I57: =G57/(H57^2) -> 23.4375 | J57: Overweight | K57: 1 | L57: No | M57: No | N57: 10.4 | O57: =IF(N57>18,"Normal","Abnormal") -> Abnormal | P57: 2 | Q57: 1 | R57: =IF(Q57<1,"Abnormal","Normal") -> Normal | S57: 1 | T57: 5.2109375 | U57: =IF(T57>5.7,"Normal","Abnormal") -> Abnormal | V57: 2 | W57: Sarcopenia | X57: 3 | Y57: 2.2 | Z57: =IF(Data!Y57<2.1,"Tertil 1",IF(Data!Y57<=2.6,"Tertil 2","Tertil 3")) -> Tertil 2
B58: 57 | C58: 75 | D58: 4 | E58: female | F58: =IF(E58="Male",1,2) -> 2 | G58: 57 | H58: 1.56 | I58: =G58/(H58^2) -> 23.422091 | J58: Overweight | K58: 1 | L58: No | M58: No | N58: 12.4 | O58: =IF(N58>18,"Normal","Abnormal") -> Abnormal | P58: 2 | Q58: 1.1 | R58: =IF(Q58<1,"Abnormal","Normal") -> Normal | S58: 1 | T58: 4.0384615 | U58: =IF(T58>5.7,"Normal","Abnormal") -> Abnormal | V58: 2 | W58: Sarcopenia | X58: 3 | Y58: 1.3 | Z58: =IF(Data!Y58<2.1,"Tertil 1",IF(Data!Y58<=2.6,"Tertil 2","Tertil 3")) -> Tertil 1
B59: 58 | C59: 63 | D59: 4 | E59: female | F59: =IF(E59="Male",1,2) -> 2 | G59: 63 | H59: 1.58 | I59: =G59/(H59^2) -> 25.23634 | J59: Grade 1 Obesity | K59: 2 | L59: No | M59: No | N59: 20.8 | O59: =IF(N59>18,"Normal","Abnormal") -> Normal | P59: 1 | Q59: 1 | R59: =IF(Q59<1,"Abnormal","Normal") -> Normal | S59: 1 | T59: 6.6495754 | U59: =IF(T59>5.7,"Normal","Abnormal") -> Normal | V59: 1 | W59: Normal | X59: 1 | Y59: 2.17 | Z59: =IF(Data!Y59<2.1,"Tertil 1",IF(Data!Y59<=2.6,"Tertil 2","Tertil 3")) -> Tertil 2
B60: 59 | C60: 65 | D60: 4 | E60: Male | F60: =IF(E60="Male",1,2) -> 1 | G60: 65 | H60: 1.68 | I60: =G60/(H60^2) -> 23.030045 | J60: Overweight | K60: 1 | L60: No | M60: No | N60: 25.8 | O60: =IF(N60>28,"Normal","Abnormal") -> Abnormal | P60: 2 | Q60: 1 | R60: =IF(Q60<1,"Abnormal","Normal") -> Normal | S60: 1 | T60: 5.9169501 | U60: =IF(T60>7,"Normal","Abnormal") -> Abnormal | V60: 2 | W60: Sarcopenia | X60: 3 | Y60: 2.32 | Z60: =IF(Data!Y60<2.1,"Tertil 1",IF(Data!Y60<=2.6,"Tertil 2","Tertil 3")) -> Tertil 2
B61: 60 | C61: 68 | D61: 4 | E61: Male | F61: =IF(E61="Male",1,2) -> 1 | G61: 65 | H61: 1.67 | I61: =G61/(H61^2) -> 23.30668 | J61: Overweight | K61: 1 | L61: No | M61: No | N61: 25.2 | O61: =IF(N61>28,"Normal","Abnormal") -> Abnormal | P61: 2 | Q61: 1.1 | R61: =IF(Q61<1,"Abnormal","Normal") -> Normal | S61: 1 | T61: 5.8722077 | U61: =IF(T61>7,"Normal","Abnormal") -> Abnormal | V61: 2 | W61: Sarcopenia | X61: 3 | Y61: 2.2 | Z61: =IF(Data!Y61<2.1,"Tertil 1",IF(Data!Y61<=2.6,"Tertil 2","Tertil 3")) -> Tertil 2
B62: 61 | C62: 68 | D62: 4 | E62: female | F62: =IF(E62="Male",1,2) -> 2 | G62: 56 | H62: 1.55 | I62: =G62/(H62^2) -> 23.309053 | J62: Overweight | K62: 1 | L62: No | M62: No | N62: 21.7 | O62: =IF(N62>18,"Normal","Abnormal") -> Normal | P62: 1 | Q62: 1 | R62: =IF(Q62<1,"Abnormal","Normal") -> Normal | S62: 1 | T62: 6.4516129 | U62: =IF(T62>5.7,"Normal","Abnormal") -> Normal | V62: 1 | W62: Normal | X62: 1 | Y62: 1.5 | Z62: =IF(Data!Y62<2.1,"Tertil 1",IF(Data!Y62<=2.6,"Tertil 2","Tertil 3")) -> Tertil 1
B63: 62 | C63: 64 | D63: 4 | E63: Male | F63: =IF(E63="Male",1,2) -> 1 | G63: 60 | H63: 1.61 | I63: =G63/(H63^2) -> 23.147255 | J63: Overweight | K63: 1 | L63: No | M63: No | N63: 29 | O63: =IF(N63>28,"Normal","Abnormal") -> Normal | P63: 1 | Q63: 1 | R63: =IF(Q63<1,"Abnormal","Normal") -> Normal | S63: 1 | T63: 7.1 | U63: =IF(T63>7,"Normal","Abnormal") -> Normal | V63: 1 | W63: Normal | X63: 1 | Y63: 1.6 | Z63: =IF(Data!Y63<2.1,"Tertil 1",IF(Data!Y63<=2.6,"Tertil 2","Tertil 3")) -> Tertil 1
B64: 63 | C64: 74 | D64: 4 | E64: Male | F64: =IF(E64="Male",1,2) -> 1 | G64: 71 | H64: 1.68 | I64: =G64/(H64^2) -> 25.155896 | J64: Grade 1 Obesity | K64: 2 | L64: No | M64: No | N64: 16.8 | O64: =IF(N64>28,"Normal","Abnormal") -> Abnormal | P64: 2 | Q64: 0.6 | R64: =IF(Q64<1,"Abnormal","Normal") -> Abnormal | S64: 2 | T64: 6.6411565 | U64: =IF(T64>7,"Normal","Abnormal") -> Abnormal | V64: 2 | W64: severe sarcopenia | X64: 4 | Y64: 3.8 | Z64: =IF(Data!Y64<2.1,"Tertil 1",IF(Data!Y64<=2.6,"Tertil 2","Tertil 3")) -> Tertil 3
B65: 64 | C65: 67 | D65: 4 | E65: Male | F65: =IF(E65="Male",1,2) -> 1 | G65: 60 | H65: 1.6 | I65: =G65/(H65^2) -> 23.4375 | J65: Overweight | K65: 1 | L65: No | M65: No | N65: 26 | O65: =IF(N65>28,"Normal","Abnormal") -> Abnormal | P65: 2 | Q65: 0.8 | R65: =IF(Q65<1,"Abnormal","Normal") -> Abnormal | S65: 2 | T65: 5.2789063 | U65: =IF(T65>7,"Normal","Abnormal") -> Abnormal | V65: 2 | W65: severe sarcopenia | X65: 4 | Y65: 3.78 | Z65: =IF(Data!Y65<2.1,"Tertil 1",IF(Data!Y65<=2.6,"Tertil 2","Tertil 3")) -> Tertil 3
B66: 65 | C66: 65 | D66: 4 | E66: Male | F66: =IF(E66="Male",1,2) -> 1 | G66: 66 | H66: 1.6 | I66: 25.78125 | J66: Grade 1 Obesity | K66: 2 | L66: No | M66: No | N66: 32.6 | O66: =IF(N66>28,"Normal","Abnormal") -> Normal | P66: 1 | Q66: 1 | R66: =IF(Q66<1,"Abnormal","Normal") -> Normal | S66: 1 | T66: 8.515625 | U66: =IF(T66>7,"Normal","Abnormal") -> Normal | V66: 1 | W66: Normal | X66: 1 | Y66: 1.8 | Z66: =IF(Data!Y66<2.1,"Tertil 1",IF(Data!Y66<=2.6,"Tertil 2","Tertil 3")) -> Tertil 1
B67: 66 | C67: 60 | D67: 4 | E67: female | F67: =IF(E67="Male",1,2) -> 2 | G67: 60 | H67: 1.58 | I67: 24.03461 | J67: Overweight | K67: 1 | L67: No | M67: No | N67: 15.6 | O67: =IF(N67>18,"Normal","Abnormal") -> Abnormal | P67: 2 | Q67: 1 | R67: =IF(Q67<1,"Abnormal","Normal") -> Normal | S67: 1 | T67: 6.088768 | U67: =IF(T67>5.7,"Normal","Abnormal") -> Normal | V67: 1 | W67: sarcopenia | X67: 2 | Y67: 2.4 | Z67: =IF(Data!Y67<2.1,"Tertil 1",IF(Data!Y67<=2.6,"Tertil 2","Tertil 3")) -> Tertil 2
B68: 67 | C68: 60 | D68: 4 | E68: Male | F68: =IF(E68="Male",1,2) -> 1 | G68: 75 | H68: 1.73 | I68: 25.05931 | J68: Grade 1 Obesity | K68: 2 | L68: yes | M68: No | N68: 32.4 | O68: =IF(N68>28,"Normal","Abnormal") -> Normal | P68: 1 | Q68: 1.2 | R68: =IF(Q68<1,"Abnormal","Normal") -> Normal | S68: 1 | T68: 7.785091 | U68: =IF(T68>7,"Normal","Abnormal") -> Normal | V68: 1 | W68: Normal | X68: 1 | Y68: 1.8 | Z68: =IF(Data!Y68<2.1,"Tertil 1",IF(Data!Y68<=2.6,"Tertil 2","Tertil 3")) -> Tertil 1
B69: 68 | C69: 62 | D69: 4 | E69: Male | F69: =IF(E69="Male",1,2) -> 1 | G69: 63 | H69: 1.65 | I69: =G69/(H69^2) -> 23.140496 | J69: Overweight | K69: 1 | L69: No | M69: No | N69: 28.3 | O69: =IF(N69>28,"Normal","Abnormal") -> Normal | P69: 1 | Q69: 1.2 | R69: =IF(Q69<1,"Abnormal","Normal") -> Normal | S69: 1 | T69: 8.007346 | U69: =IF(T69>7,"Normal","Abnormal") -> Normal | V69: 1 | W69: Normal | X69: 1 | Y69: 2 | Z69: =IF(Data!Y69<2.1,"Tertil 1",IF(Data!Y69<=2.6,"Tertil 2","Tertil 3")) -> Tertil 1
B70: 69 | C70: 68 | D70: 4 | E70: Male | F70: =IF(E70="Male",1,2) -> 1 | G70: 63 | H70: 1.65 | I70: =G70/(H70^2) -> 23.140496 | J70: Overweight | K70: 1 | L70: No | M70: No | N70: 20.7 | O70: =IF(N70>28,"Normal","Abnormal") -> Abnormal | P70: 2 | Q70: 0.8 | R70: =IF(Q70<1,"Abnormal","Normal") -> Abnormal | S70: 2 | T70: 5.215794 | U70: =IF(T70>7,"Normal","Abnormal") -> Abnormal | V70: 2 | W70: severe sarcopenia | X70: 4 | Y70: 2.8 | Z70: =IF(Data!Y70<2.1,"Tertil 1",IF(Data!Y70<=2.6,"Tertil 2","Tertil 3")) -> Tertil 3
B71: 70 | C71: 62 | D71: 4 | E71: Male | F71: =IF(E71="Male",1,2) -> 1 | G71: 67.8 | H71: 1.64 | I71: 25.20821 | J71: Grade 1 Obesity | K71: 2 | L71: No | M71: No | N71: 30.8 | O71: =IF(N71>28,"Normal","Abnormal") -> Normal | P71: 1 | Q71: 1 | R71: =IF(Q71<1,"Abnormal","Normal") -> Normal | S71: 1 | T71: 7.03309 | U71: =IF(T71>7,"Normal","Abnormal") -> Normal | V71: 1 | W71: Normal | X71: 1 | Y71: 2 | Z71: =IF(Data!Y71<2.1,"Tertil 1",IF(Data!Y71<=2.6,"Tertil 2","Tertil 3")) -> Tertil 1
B72: 71 | C72: 65 | D72: 4 | E72: female | F72: =IF(E72="Male",1,2) -> 2 | G72: 60 | H72: 160 | I72: =SUM(G72/(H72/100)/(H72/100)) -> 23.4375 | J72: Overweight | K72: 1 | L72: No | M72: No | N72: 22 | O72: =IF(N72>18,"Normal","Abnormal") -> Normal | P72: 1 | Q72: 0.5 | R72: =IF(Q72<1,"Abnormal","Normal") -> Abnormal | S72: 2 | T72: 5.6 | U72: =IF(T72>5.7,"Normal","Abnormal") -> Abnormal | V72: 2 | W72: Sarcopenia | X72: 3 | Y72: 2.07 | Z72: =IF(Data!Y72<2.1,"Tertil 1",IF(Data!Y72<=2.6,"Tertil 2","Tertil 3")) -> Tertil 1
B73: 72 | C73: 64 | D73: 4 | E73: Male | F73: =IF(E73="Male",1,2) -> 1 | G73: 50 | H73: 145 | I73: =SUM(G73/(H73/100)/(H73/100)) -> 23.781213 | J73: Overweight | K73: 1 | L73: No | M73: No | N73: 18 | O73: =IF(N73>28,"Normal","Abnormal") -> Abnormal | P73: 2 | Q73: 0.6 | R73: =IF(Q73<1,"Abnormal","Normal") -> Abnormal | S73: 2 | T73: 6.2 | U73: =IF(T73>7,"Normal","Abnormal") -> Abnormal | V73: 2 | W73: severe sarcopenia | X73: 4 | Y73: 2.44 | Z73: =IF(Data!Y73<2.1,"Tertil 1",IF(Data!Y73<=2.6,"Tertil 2","Tertil 3")) -> Tertil 2
B74: 73 | C74: 63 | D74: 4 | E74: Male | F74: =IF(E74="Male",1,2) -> 1 | G74: 83 | H74: 161 | I74: =SUM(G74/(H74/100)/(H74/100)) -> 32.02037 | J74: Grade 2 Obesity | K74: 3 | L74: No | M74: No | N74: 24 | O74: =IF(N74>28,"Normal","Abnormal") -> Abnormal | P74: 2 | Q74: 1 | R74: =IF(Q74<1,"Abnormal","Normal") -> Normal | S74: 1 | T74: 5.5 | U74: =IF(T74>7,"Normal","Abnormal") -> Abnormal | V74: 2 | W74: Sarcopenia | X74: 3 | Y74: 3.1 | Z74: =IF(Data!Y74<2.1,"Tertil 1",IF(Data!Y74<=2.6,"Tertil 2","Tertil 3")) -> Tertil 3
B75: 74 | C75: 60 | D75: 4 | E75: female | F75: =IF(E75="Male",1,2) -> 2 | G75: 55 | H75: 151 | I75: =SUM(G75/(H75/100)/(H75/100)) -> 24.121749 | J75: Overweight | K75: 1 | L75: No | M75: yes | N75: 22 | O75: =IF(N75>18,"Normal","Abnormal") -> Normal | P75: 1 | Q75: 0.8 | R75: =IF(Q75<1,"Abnormal","Normal") -> Abnormal | S75: 2 | T75: 4 | U75: =IF(T75>5.7,"Normal","Abnormal") -> Abnormal | V75: 2 | W75: sarcpenia | X75: 2 | Y75: 3.85 | Z75: =IF(Data!Y75<2.1,"Tertil 1",IF(Data!Y75<=2.6,"Tertil 2","Tertil 3")) -> Tertil 3
B76: 75 | C76: 58 | D76: 3 | E76: Male | F76: =IF(E76="Male",1,2) -> 1 | G76: 56 | H76: 155 | I76: =SUM(G76/(H76/100)/(H76/100)) -> 23.309053 | J76: Overweight | K76: 1 | L76: No | M76: No | N76: 39 | O76: =IF(N76>28,"Normal","Abnormal") -> Normal | P76: 1 | Q76: 0.4 | R76: =IF(Q76<1,"Abnormal","Normal") -> Abnormal | S76: 2 | T76: 6 | U76: =IF(T76>7,"Normal","Abnormal") -> Abnormal | V76: 2 | W76: Sarcopenia | X76: 3 | Y76: 2.2 | Z76: =IF(Data!Y76<2.1,"Tertil 1",IF(Data!Y76<=2.6,"Tertil 2","Tertil 3")) -> Tertil 2
B77: 76 | C77: 73 | D77: 4 | E77: female | F77: =IF(E77="Male",1,2) -> 2 | G77: 57 | H77: 137 | I77: =SUM(G77/(H77/100)/(H77/100)) -> 30.369226 | J77: Grade 2 Obesity | K77: 3 | L77: yes | M77: No | N77: 14 | O77: =IF(N77>18,"Normal","Abnormal") -> Abnormal | P77: 2 | Q77: 0.8 | R77: =IF(Q77<1,"Abnormal","Normal") -> Abnormal | S77: 2 | T77: 4.8 | U77: =IF(T77>5.7,"Normal","Abnormal") -> Abnormal | V77: 2 | W77: severe sarcopenia | X77: 4 | Y77: 2.28 | Z77: =IF(Data!Y77<2.1,"Tertil 1",IF(Data!Y77<=2.6,"Tertil 2","Tertil 3")) -> Tertil 2
B78: 77 | C78: 39 | D78: 1 | E78: female | F78: =IF(E78="Male",1,2) -> 2 | G78: 55 | H78: 145 | I78: =SUM(G78/(H78/100)/(H78/100)) -> 26.159334 | J78: Grade 1 Obesity | K78: 2 | L78: No | M78: yes | N78: 27 | O78: =IF(N78>18,"Normal","Abnormal") -> Normal | P78: 1 | Q78: 0.8 | R78: =IF(Q78<1,"Abnormal","Normal") -> Abnormal | S78: 2 | T78: 5.8 | U78: =IF(T78>5.7,"Normal","Abnormal") -> Normal | V78: 1 | W78: sarcpenia | X78: 2 | Y78: 1.7 | Z78: =IF(Data!Y78<2.1,"Tertil 1",IF(Data!Y78<=2.6,"Tertil 2","Tertil 3")) -> Tertil 1
B79: 78 | C79: 69 | D79: 4 | E79: Male | F79: =IF(E79="Male",1,2) -> 1 | G79: 70 | H79: 160 | I79: =SUM(G79/(H79/100)/(H79/100)) -> 27.34375 | J79: Grade 1 Obesity | K79: 2 | L79: yes | M79: No | N79: 32 | O79: =IF(N79>28,"Normal","Abnormal") -> Normal | P79: 1 | Q79: 0.8 | R79: =IF(Q79<1,"Abnormal","Normal") -> Abnormal | S79: 2 | T79: 5.7 | U79: =IF(T79>7,"Normal","Abnormal") -> Abnormal | V79: 2 | W79: Sarcopenia | X79: 3 | Y79: 1.8 | Z79: =IF(Data!Y79<2.1,"Tertil 1",IF(Data!Y79<=2.6,"Tertil 2","Tertil 3")) -> Tertil 1
B80: 79 | C80: 69 | D80: 4 | E80: Male | F80: =IF(E80="Male",1,2) -> 1 | G80: 71 | H80: 156 | I80: =SUM(G80/(H80/100)/(H80/100)) -> 29.174885 | J80: Grade 1 Obesity | K80: 2 | L80: yes | M80: No | N80: 32 | O80: =IF(N80>28,"Normal","Abnormal") -> Normal | P80: 1 | Q80: 0.8 | R80: =IF(Q80<1,"Abnormal","Normal") -> Abnormal | S80: 2 | T80: 6.3 | U80: =IF(T80>7,"Normal","Abnormal") -> Abnormal | V80: 2 | W80: Sarcopenia | X80: 3 | Y80: 2.45 | Z80: =IF(Data!Y80<2.1,"Tertil 1",IF(Data!Y80<=2.6,"Tertil 2","Tertil 3")) -> Tertil 2
B81: 80 | C81: 67 | D81: 4 | E81: female | F81: =IF(E81="Male",1,2) -> 2 | G81: 79 | H81: 149 | I81: =SUM(G81/(H81/100)/(H81/100)) -> 35.583983 | J81: Grade 2 Obesity | K81: 3 | L81: yes | M81: No | N81: 31 | O81: =IF(N81>18,"Normal","Abnormal") -> Normal | P81: 1 | Q81: 1 | R81: =IF(Q81<1,"Abnormal","Normal") -> Normal | S81: 1 | T81: 5.9 | U81: =IF(T81>5.7,"Normal","Abnormal") -> Normal | V81: 1 | W81: Normal | X81: 1 | Y81: 2.72 | Z81: =IF(Data!Y81<2.1,"Tertil 1",IF(Data!Y81<=2.6,"Tertil 2","Tertil 3")) -> Tertil 3
B82: 81 | C82: 73 | D82: 4 | E82: Male | F82: =IF(E82="Male",1,2) -> 1 | G82: 51 | H82: 148 | I82: =SUM(G82/(H82/100)/(H82/100)) -> 23.283419 | J82: Overweight | K82: 1 | L82: yes | M82: No | N82: 20 | O82: =IF(N82>28,"Normal","Abnormal") -> Abnormal | P82: 2 | Q82: 1.2 | R82: =IF(Q82<1,"Abnormal","Normal") -> Normal | S82: 1 | T82: 6 | U82: =IF(T82>7,"Normal","Abnormal") -> Abnormal | V82: 2 | W82: Sarcopenia | X82: 3 | Y82: 2.71 | Z82: =IF(Data!Y82<2.1,"Tertil 1",IF(Data!Y82<=2.6,"Tertil 2","Tertil 3")) -> Tertil 3
B83: 82 | C83: 59 | D83: 3 | E83: Male | F83: =IF(E83="Male",1,2) -> 1 | G83: 93 | H83: 167 | I83: =SUM(G83/(H83/100)/(H83/100)) -> 33.346481 | J83: Grade 2 Obesity | K83: 3 | L83: yes | M83: No | N83: 30 | O83: =IF(N83>28,"Normal","Abnormal") -> Normal | P83: 1 | Q83: 1.27 | R83: =IF(Q83<1,"Abnormal","Normal") -> Normal | S83: 1 | T83: 5.5 | U83: =IF(T83>7,"Normal","Abnormal") -> Abnormal | V83: 2 | W83: sarcpenia | X83: 2 | Y83: 3.96 | Z83: =IF(Data!Y83<2.1,"Tertil 1",IF(Data!Y83<=2.6,"Tertil 2","Tertil 3")) -> Tertil 3
B84: 83 | C84: 57 | D84: 3 | E84: female | F84: =IF(E84="Male",1,2) -> 2 | G84: 57 | H84: 147 | I84: =SUM(G84/(H84/100)/(H84/100)) -> 26.377898 | J84: Grade 1 Obesity | K84: 2 | L84: No | M84: No | N84: 11 | O84: =IF(N84>18,"Normal","Abnormal") -> Abnormal | P84: 2 | Q84: 0.8 | R84: =IF(Q84<1,"Abnormal","Normal") -> Abnormal | S84: 2 | T84: 4 | U84: =IF(T84>5.7,"Normal","Abnormal") -> Abnormal | V84: 2 | W84: severe sarcopenia | X84: 4 | Y84: 3.36 | Z84: =IF(Data!Y84<2.1,"Tertil 1",IF(Data!Y84<=2.6,"Tertil 2","Tertil 3")) -> Tertil 3
B85: 84 | C85: 61 | D85: 4 | E85: female | F85: =IF(E85="Male",1,2) -> 2 | G85: 60 | H85: 150 | I85: =SUM(G85/(H85/100)/(H85/100)) -> 26.666667 | J85: Grade 1 Obesity | K85: 2 | L85: No | M85: No | N85: 22 | O85: =IF(N85>18,"Normal","Abnormal") -> Normal | P85: 1 | Q85: 0.7 | R85: =IF(Q85<1,"Abnormal","Normal") -> Abnormal | S85: 2 | T85: 5.4 | U85: =IF(T85>5.7,"Normal","Abnormal") -> Abnormal | V85: 2 | W85: Sarcopenia | X85: 3 | Y85: 2.07 | Z85: =IF(Data!Y85<2.1,"Tertil 1",IF(Data!Y85<=2.6,"Tertil 2","Tertil 3")) -> Tertil 1
B86: 85 | C86: 69 | D86: 4 | E86: female | F86: =IF(E86="Male",1,2) -> 2 | G86: 85 | H86: 155 | I86: =SUM(G86/(H86/100)/(H86/100)) -> 35.379813 | J86: Grade 2 Obesity | K86: 3 | L86: No | M86: No | N86: 18 | O86: =IF(N86>18,"Normal","Abnormal") -> Abnormal | P86: 2 | Q86: 1.2 | R86: =IF(Q86<1,"Abnormal","Normal") -> Normal | S86: 1 | T86: 4.3 | U86: =IF(T86>5.7,"Normal","Abnormal") -> Abnormal | V86: 2 | W86: Sarcopenia | X86: 3 | Y86: 3.62 | Z86: =IF(Data!Y86<2.1,"Tertil 1",IF(Data!Y86<=2.6,"Tertil 2","Tertil 3")) -> Tertil 3
B87: 86 | C87: 62 | D87: 4 | E87: female | F87: =IF(E87="Male",1,2) -> 2 | G87: 63 | H87: 155 | I87: =SUM(G87/(H87/100)/(H87/100)) -> 26.222685 | J87: Grade 1 Obesity | K87: 2 | L87: yes | M87: No | N87: 10 | O87: =IF(N87>18,"Normal","Abnormal") -> Abnormal | P87: 2 | Q87: 1 | R87: =IF(Q87<1,"Abnormal","Normal") -> Normal | S87: 1 | T87: 5 | U87: =IF(T87>5.7,"Normal","Abnormal") -> Abnormal | V87: 2 | W87: Sarcopenia | X87: 3 | Y87: 2.6 | Z87: =IF(Data!Y87<2.1,"Tertil 1",IF(Data!Y87<=2.6,"Tertil 2","Tertil 3")) -> Tertil 2
B88: 87 | C88: 68 | D88: 4 | E88: Male | F88: =IF(E88="Male",1,2) -> 1 | G88: 55 | H88: 150 | I88: =SUM(G88/(H88/100)/(H88/100)) -> 24.444444 | J88: Grade 1 Obesity | K88: 2 | L88: yes | M88: No | N88: 22 | O88: =IF(N88>28,"Normal","Abnormal") -> Abnormal | P88: 2 | Q88: 1.2 | R88: =IF(Q88<1,"Abnormal","Normal") -> Normal | S88: 1 | T88: 6.7 | U88: =IF(T88>7,"Normal","Abnormal") -> Abnormal | V88: 2 | W88: Sarcopenia | X88: 3 | Y88: 2.04 | Z88: =IF(Data!Y88<2.1,"Tertil 1",IF(Data!Y88<=2.6,"Tertil 2","Tertil 3")) -> Tertil 1
B89: 88 | C89: 61 | D89: 4 | E89: female | F89: =IF(E89="Male",1,2) -> 2 | G89: 55 | H89: 147 | I89: =SUM(G89/(H89/100)/(H89/100)) -> 25.452358 | J89: Grade 1 Obesity | K89: 2 | L89: No | M89: yes | N89: 19 | O89: =IF(N89>18,"Normal","Abnormal") -> Normal | P89: 1 | Q89: 1 | R89: =IF(Q89<1,"Abnormal","Normal") -> Normal | S89: 1 | T89: 6 | U89: =IF(T89>5.7,"Normal","Abnormal") -> Normal | V89: 1 | W89: Normal | X89: 1 | Y89: 2.4 | Z89: =IF(Data!Y89<2.1,"Tertil 1",IF(Data!Y89<=2.6,"Tertil 2","Tertil 3")) -> Tertil 2
B90: 89 | C90: 59 | D90: 3 | E90: Male | F90: =IF(E90="Male",1,2) -> 1 | G90: 64 | H90: 150 | I90: =SUM(G90/(H90/100)/(H90/100)) -> 28.444444 | J90: Grade 1 Obesity | K90: 2 | L90: yes | M90: No | N90: 22 | O90: =IF(N90>28,"Normal","Abnormal") -> Abnormal | P90: 2 | Q90: 0.9 | R90: =IF(Q90<1,"Abnormal","Normal") -> Abnormal | S90: 2 | T90: 6.1 | U90: =IF(T90>7,"Normal","Abnormal") -> Abnormal | V90: 2 | W90: severe sarcopenia | X90: 4 | Y90: 2.39 | Z90: =IF(Data!Y90<2.1,"Tertil 1",IF(Data!Y90<=2.6,"Tertil 2","Tertil 3")) -> Tertil 2
B91: 90 | C91: 57 | D91: 3 | E91: Male | F91: =IF(E91="Male",1,2) -> 1 | G91: 65 | H91: 155 | I91: =SUM(G91/(H91/100)/(H91/100)) -> 27.055151 | J91: Grade 1 Obesity | K91: 2 | L91: No | M91: No | N91: 20 | O91: =IF(N91>28,"Normal","Abnormal") -> Abnormal | P91: 2 | Q91: 1 | R91: =IF(Q91<1,"Abnormal","Normal") -> Normal | S91: 1 | T91: 5.9 | U91: =IF(T91>7,"Normal","Abnormal") -> Abnormal | V91: 2 | W91: Sarcopenia | X91: 3 | Y91: 2.3 | Z91: =IF(Data!Y91<2.1,"Tertil 1",IF(Data!Y91<=2.6,"Tertil 2","Tertil 3")) -> Tertil 2
B92: 91 | C92: 59 | D92: 3 | E92: female | F92: =IF(E92="Male",1,2) -> 2 | G92: 60 | H92: 150 | I92: =SUM(G92/(H92/100)/(H92/100)) -> 26.666667 | J92: Grade 1 Obesity | K92: 2 | L92: No | M92: No | N92: 20 | O92: =IF(N92>18,"Normal","Abnormal") -> Normal | P92: 1 | Q92: 0.8 | R92: =IF(Q92<1,"Abnormal","Normal") -> Abnormal | S92: 2 | T92: 4.9 | U92: =IF(T92>5.7,"Normal","Abnormal") -> Abnormal | V92: 2 | W92: Sarcopenia | X92: 3 | Y92: 3 | Z92: =IF(Data!Y92<2.1,"Tertil 1",IF(Data!Y92<=2.6,"Tertil 2","Tertil 3")) -> Tertil 3
B93: 92 | C93: 68 | D93: 4 | E93: Male | F93: =IF(E93="Male",1,2) -> 1 | G93: 82 | H93: 170 | I93: =SUM(G93/(H93/100)/(H93/100)) -> 28.373702 | J93: Grade 1 Obesity | K93: 2 | L93: No | M93: yes | N93: 29 | O93: =IF(N93>28,"Normal","Abnormal") -> Normal | P93: 1 | Q93: 1 | R93: =IF(Q93<1,"Abnormal","Normal") -> Normal | S93: 1 | T93: 6 | U93: =IF(T93>7,"Normal","Abnormal") -> Abnormal | V93: 2 | W93: sarcpenia | X93: 2 | Y93: 2.61 | Z93: =IF(Data!Y93<2.1,"Tertil 1",IF(Data!Y93<=2.6,"Tertil 2","Tertil 3")) -> Tertil 3
B94: 93 | C94: 69 | D94: 4 | E94: female | F94: =IF(E94="Male",1,2) -> 2 | G94: 60 | H94: 150 | I94: =SUM(G94/(H94/100)/(H94/100)) -> 26.666667 | J94: Grade 1 Obesity | K94: 2 | L94: No | M94: No | N94: 10 | O94: =IF(N94>18,"Normal","Abnormal") -> Abnormal | P94: 2 | Q94: 0.6 | R94: =IF(Q94<1,"Abnormal","Normal") -> Abnormal | S94: 2 | T94: 5 | U94: =IF(T94>5.7,"Normal","Abnormal") -> Abnormal | V94: 2 | W94: severe sarcopenia | X94: 4 | Y94: 2.36 | Z94: =IF(Data!Y94<2.1,"Tertil 1",IF(Data!Y94<=2.6,"Tertil 2","Tertil 3")) -> Tertil 2
B95: 94 | C95: 66 | D95: 4 | E95: female | F95: =IF(E95="Male",1,2) -> 2 | G95: 56 | H95: 145 | I95: =SUM(G95/(H95/100)/(H95/100)) -> 26.634958 | J95: Grade 1 Obesity | K95: 2 | L95: No | M95: yes | N95: 20 | O95: =IF(N95>18,"Normal","Abnormal") -> Normal | P95: 1 | Q95: 1 | R95: =IF(Q95<1,"Abnormal","Normal") -> Normal | S95: 1 | T95: 4.1 | U95: =IF(T95>5.7,"Normal","Abnormal") -> Abnormal | V95: 2 | W95: sarcpenia | X95: 2 | Y95: 3.67 | Z95: =IF(Data!Y95<2.1,"Tertil 1",IF(Data!Y95<=2.6,"Tertil 2","Tertil 3")) -> Tertil 3
B96: 95 | C96: 69 | D96: 4 | E96: female | F96: =IF(E96="Male",1,2) -> 2 | G96: 60 | H96: 145 | I96: =SUM(G96/(H96/100)/(H96/100)) -> 28.537455 | J96: Grade 1 Obesity | K96: 2 | L96: yes | M96: No | N96: 21 | O96: =IF(N96>18,"Normal","Abnormal") -> Normal | P96: 1 | Q96: 1 | R96: =IF(Q96<1,"Abnormal","Normal") -> Normal | S96: 1 | T96: 5.2 | U96: =IF(T96>5.7,"Normal","Abnormal") -> Abnormal | V96: 2 | W96: sarcpenia | X96: 2 | Y96: 2.13 | Z96: =IF(Data!Y96<2.1,"Tertil 1",IF(Data!Y96<=2.6,"Tertil 2","Tertil 3")) -> Tertil 2
B97: 96 | C97: 65 | D97: 4 | E97: Male | F97: =IF(E97="Male",1,2) -> 1 | G97: 65 | H97: 155 | I97: =SUM(G97/(H97/100)/(H97/100)) -> 27.055151 | J97: Grade 1 Obesity | K97: 2 | L97: No | M97: No | N97: 20 | O97: =IF(N97>28,"Normal","Abnormal") -> Abnormal | P97: 2 | Q97: 1.3 | R97: =IF(Q97<1,"Abnormal","Normal") -> Normal | S97: 1 | T97: 5.7 | U97: =IF(T97>7,"Normal","Abnormal") -> Abnormal | V97: 2 | W97: Sarcopenia | X97: 3 | Y97: 3.92 | Z97: =IF(Data!Y97<2.1,"Tertil 1",IF(Data!Y97<=2.6,"Tertil 2","Tertil 3")) -> Tertil 3
B98: 97 | C98: 62 | D98: 4 | E98: female | F98: =IF(E98="Male",1,2) -> 2 | G98: 60 | H98: 150 | I98: =SUM(G98/(H98/100)/(H98/100)) -> 26.666667 | J98: Overweight | K98: 1 | L98: No | M98: yes | N98: 12 | O98: =IF(N98>18,"Normal","Abnormal") -> Abnormal | P98: 2 | Q98: 1 | R98: =IF(Q98<1,"Abnormal","Normal") -> Normal | S98: 1 | T98: 3.8 | U98: =IF(T98>5.7,"Normal","Abnormal") -> Abnormal | V98: 2 | W98: Sarcopenia | X98: 3 | Y98: 5.7 | Z98: =IF(Data!Y98<2.1,"Tertil 1",IF(Data!Y98<=2.6,"Tertil 2","Tertil 3")) -> Tertil 3
B99: 98 | C99: 70 | D99: 4 | E99: female | F99: =IF(E99="Male",1,2) -> 2 | G99: 80 | H99: 155 | I99: =SUM(G99/(H99/100)/(H99/100)) -> 33.298647 | J99: Grade 2 Obesity | K99: 3 | L99: yes | M99: No | N99: 18 | O99: =IF(N99>18,"Normal","Abnormal") -> Abnormal | P99: 2 | Q99: 1.2 | R99: =IF(Q99<1,"Abnormal","Normal") -> Normal | S99: 1 | T99: 4 | U99: =IF(T99>5.7,"Normal","Abnormal") -> Abnormal | V99: 2 | W99: Sarcopenia | X99: 3 | Y99: 4.06 | Z99: =IF(Data!Y99<2.1,"Tertil 1",IF(Data!Y99<=2.6,"Tertil 2","Tertil 3")) -> Tertil 3
B100: 99 | C100: 56 | D100: 3 | E100: Male | F100: =IF(E100="Male",1,2) -> 1 | G100: 69 | H100: 155 | I100: =SUM(G100/(H100/100)/(H100/100)) -> 28.720083 | J100: Grade 1 Obesity | K100: 2 | L100: No | M100: yes | N100: 13 | O100: =IF(N100>28,"Normal","Abnormal") -> Abnormal | P100: 2 | Q100: 1.5 | R100: =IF(Q100<1,"Abnormal","Normal") -> Normal | S100: 1 | T100: 6 | U100: =IF(T100>7,"Normal","Abnormal") -> Abnormal | V100: 2 | W100: Sarcopenia | X100: 3 | Y100: 2.94 | Z100: =IF(Data!Y100<2.1,"Tertil 1",IF(Data!Y100<=2.6,"Tertil 2","Tertil 3")) -> Tertil 3
...

Sheet Description
A2: Suhardi FL, Aman AM, Sudarso A et al. HOMA-IR Values in Overweight and Obesity Subjects With and Without Sarcopenia. F1000Research 2026, 15:313 (https://doi.org/10.12688/f1000research.177884.1)
A4: Data availability: https://doi.org/10.5281/zenodo.18478899
A6: Variable | B6: Name
A7: No | B7: ID
A8: Age | B8: Age
A9: Age Category | B9: Age group
A10: Gender | B10: Sex
A11: GenderCategory | B11: Sex category
A12: Body weight | B12: Weight
A13: body height | B13: Height
A14: BMI | B14: BMI
A15: Obesity category | B15: Obesity class
A16: BMI category | B16: BMI category
A17: Hypertension | B17: Hypertension
... A31: Tertil HOMA-IR | B31: HOMA-IR tertile
